INSERT INTO Persona([Identificacion],[Nombres],[Apellidos],[Nacionalidad],[Fecha_Nacimiento]) VALUES(1,'Colleen','Campos','Peruano','1971-05-20'),(2,'Leilani','Gallegos','Costaricense','1992-02-08'),(3,'Fredericka','Humphrey','Beliceño','1994-05-27'),(4,'Alden','Dorsey','Venezolano','1977-06-26'),(5,'Zephr','Lewis','Colombiano','2011-05-07'),(6,'Shelly','Freeman','Guatemalteco','1981-09-07'),(7,'Hector','Young','Beliceño','2016-04-23'),(8,'Gemma','Mclaughlin','Estadounidense','2009-04-03'),(9,'Abigail','Ward','Guatemalteco','2005-04-16'),(10,'Zenaida','Tyler','Costaricense','1979-12-25');
INSERT INTO Persona([Identificacion],[Nombres],[Apellidos],[Nacionalidad],[Fecha_Nacimiento]) VALUES(11,'Cecilia','Simmons','Guatemalteco','1990-07-18'),(12,'Bo','Rice','Guatemalteco','1972-02-12'),(13,'Micah','Bean','Peruano','1983-03-25'),(14,'Kylan','Kramer','Venezolano','1970-09-14'),(15,'Elliott','Calderon','Beliceño','1985-09-11'),(16,'Brent','Fox','Guatemalteco','1971-05-24'),(17,'Ira','Duke','Asiatico','2003-02-11'),(18,'Keelie','Mckee','Asiatico','1989-04-30'),(19,'Shelly','Howe','Chileno','1987-11-29'),(20,'Dahlia','Blake','Beliceño','2000-11-04');
INSERT INTO Persona([Identificacion],[Nombres],[Apellidos],[Nacionalidad],[Fecha_Nacimiento]) VALUES(21,'Kerry','Best','Canadiense','1997-10-14'),(22,'Eagan','Marshall','Mexicano','1984-07-14'),(23,'Kuame','Murray','Argentino','2016-05-30'),(24,'Kenyon','Foster','Hondureño','1969-05-17'),(25,'Ocean','Silva','Guatemalteco','2009-07-05'),(26,'Dennis','Peters','Estadounidense','1999-05-15'),(27,'Clare','Parks','Guatemalteco','1998-10-06'),(28,'Orlando','Nolan','Hondureño','2006-02-18'),(29,'Margaret','Stout','Guatemalteco','2002-02-12'),(30,'Fletcher','Rowe','Hondureño','1984-02-25');
INSERT INTO Persona([Identificacion],[Nombres],[Apellidos],[Nacionalidad],[Fecha_Nacimiento]) VALUES(31,'Karyn','Ortega','Guatemalteco','2011-11-21'),(32,'Peter','Stephenson','Argentino','2017-09-17'),(33,'Gray','Mcgee','Peruano','1974-04-06'),(34,'Merrill','Thompson','Chileno','1967-02-07'),(35,'Emily','William','Argentino','1993-03-14'),(36,'Cassandra','Miranda','Peruano','1992-11-20'),(37,'Daria','Malone','Ecuatoriano','2010-02-07'),(38,'Ila','Sweeney','Guatemalteco','1981-06-01'),(39,'Amelia','Lewis','Chileno','2006-02-15'),(40,'Isaac','Jacobson','Puertoriqueño','1998-07-23');
INSERT INTO Persona([Identificacion],[Nombres],[Apellidos],[Nacionalidad],[Fecha_Nacimiento]) VALUES(41,'Shelley','Frazier','Europeo','2008-01-26'),(42,'Gil','Bennett','Colombiano','1996-01-01'),(43,'Devin','Newton','Guatemalteco','1989-08-06'),(44,'Autumn','Barry','Costaricense','1986-12-30'),(45,'Serena','Cherry','Brasileño','1977-07-24'),(46,'Anastasia','Sanford','Colombiano','1995-10-28'),(47,'Kevin','Klein','Europeo','1982-02-25'),(48,'Amber','Sanford','Estadounidense','1975-01-08'),(49,'Martena','Saunders','Cubano','2005-10-22'),(50,'Francesca','Mcintyre','Guatemalteco','1998-01-20');
INSERT INTO Persona([Identificacion],[Nombres],[Apellidos],[Nacionalidad],[Fecha_Nacimiento]) VALUES(51,'Sybil','Cleveland','Panameño','2002-12-03'),(52,'India','Ramsey','Beliceño','2005-06-08'),(53,'Jana','Mcknight','Ecuatoriano','1975-05-29'),(54,'Delilah','Mccormick','Europeo','1993-07-10'),(55,'Isaiah','Barnett','Canadiense','1998-06-07'),(56,'Driscoll','Marks','Guatemalteco','1985-06-12'),(57,'Carla','Gross','Mexicano','1975-12-12'),(58,'Maryam','Shelton','Salvadoreño','2009-11-08'),(59,'Price','Navarro','Canadiense','2014-09-06'),(60,'Camden','Holmes','Chileno','2017-07-07');
INSERT INTO Persona([Identificacion],[Nombres],[Apellidos],[Nacionalidad],[Fecha_Nacimiento]) VALUES(61,'Jolie','Green','Guatemalteco','1978-10-07'),(62,'Talon','Tanner','Brasileño','1994-01-16'),(63,'Quinlan','Mcgee','Peruano','2003-02-01'),(64,'Donovan','Church','Chileno','1988-05-13'),(65,'Kasper','Acevedo','Guatemalteco','1978-03-29'),(66,'Xanthus','Pierce','Guatemalteco','2013-10-11'),(67,'Jesse','Burton','Puertoriqueño','1967-12-26'),(68,'Emmanuel','Snider','Argentino','1985-08-09'),(69,'Elvis','Boyle','Panameño','1966-09-28'),(70,'Kaden','Glass','Guatemalteco','2005-10-11');
INSERT INTO Persona([Identificacion],[Nombres],[Apellidos],[Nacionalidad],[Fecha_Nacimiento]) VALUES(71,'Patricia','Noel','Estadounidense','2002-10-05'),(72,'Addison','Barron','Ecuatoriano','1998-12-11'),(73,'Nicholas','Good','Jamaiqueño','1979-05-17'),(74,'Ian','Carlson','Guatemalteco','2006-03-09'),(75,'Veronica','Hayden','Colombiano','1972-09-05'),(76,'Nigel','Baldwin','Hondureño','1980-02-20'),(77,'Marsden','Forbes','Hondureño','2010-04-07'),(78,'Price','Beard','Hondureño','1996-08-10'),(79,'Kay','Mccall','Estadounidense','1974-06-07'),(80,'Shelly','Perkins','Chileno','2003-10-23');
INSERT INTO Persona([Identificacion],[Nombres],[Apellidos],[Nacionalidad],[Fecha_Nacimiento]) VALUES(81,'Fitzgerald','Best','Guatemalteco','1986-12-21'),(82,'Walter','Solomon','Guatemalteco','1989-08-11'),(83,'Cheryl','Owens','Jamaiqueño','2011-10-07'),(84,'Cedric','Jacobson','Colombiano','1978-10-04'),(85,'Amela','Cabrera','Salvadoreño','2012-09-08'),(86,'Dylan','Wilkins','Venezolano','2014-08-27'),(87,'Bianca','Hogan','Costaricense','2000-02-05'),(88,'Cailin','Chandler','Guatemalteco','1979-07-30'),(89,'Emerson','Dixon','Chileno','1974-07-19'),(90,'Hayden','Gross','Puertoriqueño','1976-05-04');
INSERT INTO Persona([Identificacion],[Nombres],[Apellidos],[Nacionalidad],[Fecha_Nacimiento]) VALUES(91,'Aretha','Hancock','Guatemalteco','1997-05-24'),(92,'Jesse','Leblanc','Guatemalteco','1970-08-31'),(93,'Phelan','Hill','Brasileño','2015-07-01'),(94,'Xandra','Rosales','Salvadoreño','1984-10-15'),(95,'Darius','Lloyd','Guatemalteco','2001-02-14'),(96,'Phillip','Riddle','Guatemalteco','2010-09-06'),(97,'Hannah','Bryan','Guatemalteco','2006-04-17'),(98,'Alika','Hayden','Venezolano','1986-04-15'),(99,'Fallon','Daniel','Asiatico','1971-02-20'),(100,'Penelope','Cole','Peruano','1980-12-06');
/* --------- */
INSERT INTO Persona([Identificacion],[Nombres],[Apellidos],[Nacionalidad],[Fecha_Nacimiento]) VALUES(101,'Zelenia','Maynard','Chileno','1995-07-16'),(102,'Yetta','Acevedo','Ecuatoriano','1982-06-01'),(103,'Norman','Tucker','Africano','1966-05-10'),(104,'Kevyn','Barlow','Estadounidense','1984-07-04'),(105,'Hunter','Rodriguez','Salvadoreño','1979-05-11'),(106,'Brynn','Dale','Beliceño','2002-03-26'),(107,'Leonard','Ramirez','Asiatico','1995-02-26'),(108,'Nina','Fowler','Costaricense','1997-04-07'),(109,'Andrew','Munoz','Guatemalteco','1983-09-22');
INSERT INTO Persona([Identificacion],[Nombres],[Apellidos],[Nacionalidad],[Fecha_Nacimiento]) VALUES(110,'Bianca','Gaines','Mexicano','1976-08-12'),(111,'Alexis','Stephens','Guatemalteco','1981-01-22'),(112,'Hiram','Mendoza','Ecuatoriano','2012-08-04'),(113,'Latifah','Ellis','Beliceño','1982-10-25'),(114,'Camden','Waller','Argentino','2013-04-10'),(115,'Yetta','Hamilton','Jamaiqueño','1998-07-04'),(116,'Charles','Myers','Colombiano','1967-10-25'),(117,'Dexter','Floyd','Guatemalteco','2009-12-05'),(118,'Orla','Ruiz','Guatemalteco','1982-02-05'),(119,'Kuame','Castillo','Argentino','2001-11-12');
INSERT INTO Persona([Identificacion],[Nombres],[Apellidos],[Nacionalidad],[Fecha_Nacimiento]) VALUES(120,'Walter','Walls','Ecuatoriano','2011-04-04'),(121,'Nasim','Chandler','Costaricense','1989-10-12'),(122,'Vance','Hines','Guatemalteco','1990-06-18'),(123,'Valentine','Hall','Guatemalteco','2003-01-30'),(124,'Alexandra','Mccall','Chileno','2013-11-12'),(125,'Jana','Burke','Mexicano','1999-03-31'),(126,'Abel','Bruce','Brasileño','1985-12-01'),(127,'Kasimir','Barr','Guatemalteco','1978-09-29'),(128,'Evan','Rose','Peruano','1975-05-12'),(129,'Lacota','Mcclure','Guatemalteco','2000-07-13');
INSERT INTO Persona([Identificacion],[Nombres],[Apellidos],[Nacionalidad],[Fecha_Nacimiento]) VALUES(130,'Wylie','Craft','Guatemalteco','1990-06-08'),(131,'Vladimir','Clayton','Puertoriqueño','1999-02-02'),(132,'Imogene','Snow','Puertoriqueño','2004-04-11'),(133,'Abdul','Green','Guatemalteco','2015-09-23'),(134,'Zia','Carlson','Argentino','1991-07-27'),(135,'Medge','Moran','Brasileño','2013-09-08'),(136,'Warren','Sparks','Salvadoreño','1992-02-07'),(137,'Isaac','Bates','Guatemalteco','1979-02-24'),(138,'Maryam','Warner','Estadounidense','2009-01-21'),(139,'Martena','Morrow','Venezolano','1997-11-15');
INSERT INTO Persona([Identificacion],[Nombres],[Apellidos],[Nacionalidad],[Fecha_Nacimiento]) VALUES(140,'Axel','Freeman','Peruano','1978-02-22'),(141,'Karly','Lopez','Guatemalteco','2011-08-30'),(142,'Oren','Walter','Puertoriqueño','1996-08-09'),(143,'Odette','Austin','Costaricense','2001-01-17'),(144,'Fay','Reilly','Guatemalteco','1976-01-30'),(145,'Barry','Hampton','Nicaraguense','1983-07-03'),(146,'Alfreda','Compton','Argentino','1982-04-22'),(147,'Robin','Christensen','Canadiense','1989-08-03'),(148,'Inez','Harper','Guatemalteco','1973-04-27'),(149,'Halee','Delacruz','Europeo','1984-04-19');
INSERT INTO Persona([Identificacion],[Nombres],[Apellidos],[Nacionalidad],[Fecha_Nacimiento]) VALUES(150,'Yeo','Maxwell','Puertoriqueño','1991-09-27'),(151,'Desiree','Velasquez','Guatemalteco','1998-01-31'),(152,'Xavier','Glass','Peruano','2006-11-15'),(153,'Lucy','Dawson','Colombiano','1995-10-08'),(154,'Davis','Bray','Asiatico','1980-10-18'),(155,'Quon','Holloway','Jamaiqueño','1983-07-30'),(156,'Nigel','Vargas','Guatemalteco','1986-03-30'),(157,'Lucas','Travis','Puertoriqueño','2003-10-22'),(158,'Dawn','Winters','Hondureño','2006-11-11'),(159,'Aquila','Gallagher','Panameño','1968-04-08');
INSERT INTO Persona([Identificacion],[Nombres],[Apellidos],[Nacionalidad],[Fecha_Nacimiento]) VALUES(160,'Fleur','Zimmerman','Colombiano','1988-04-26'),(161,'Winter','Wiggins','Ecuatoriano','1999-09-08'),(162,'Justin','Whitaker','Hondureño','2011-09-21'),(163,'Simone','Copeland','Argentino','1970-08-30'),(164,'Indigo','Houston','Puertoriqueño','1967-05-20'),(165,'Jonah','Lewis','Guatemalteco','1997-10-26'),(166,'Slade','Newton','Puertoriqueño','2004-08-26'),(167,'Mira','Graham','Guatemalteco','2011-12-01'),(168,'Bethany','Bullock','Canadiense','2000-04-04'),(169,'Jessamine','Madden','Chileno','2015-02-09');
INSERT INTO Persona([Identificacion],[Nombres],[Apellidos],[Nacionalidad],[Fecha_Nacimiento]) VALUES(170,'Jerry','West','Guatemalteco','1989-07-12'),(171,'Lionel','Mooney','Nicaraguense','1980-06-20'),(172,'Bert','Rivas','Brasileño','2017-02-07'),(173,'Cedric','Allison','Guatemalteco','1969-05-09'),(174,'Eve','Fuller','Peruano','1966-11-25'),(175,'Ramona','Gonzalez','Africano','2007-08-02'),(176,'Samuel','Rosa','Guatemalteco','2012-10-28'),(177,'Molly','Boyer','Guatemalteco','1987-02-02'),(178,'Simone','Crane','Salvadoreño','1980-04-09'),(179,'Sylvia','Ray','Argentino','2012-02-08');
INSERT INTO Persona([Identificacion],[Nombres],[Apellidos],[Nacionalidad],[Fecha_Nacimiento]) VALUES(180,'Hadley','Simmons','Guatemalteco','1988-12-01'),(181,'Lev','Chaney','Peruano','1975-08-08'),(182,'Jasmine','Petty','Venezolano','1989-01-07'),(183,'Thaddeus','Fisher','Europeo','2013-08-08'),(184,'Erich','Hurley','Beliceño','2008-12-05'),(185,'Gillian','Juarez','Venezolano','1997-06-16'),(186,'Salvador','Hardy','Beliceño','2001-02-27'),(187,'Colton','Odom','Africano','2010-03-21'),(188,'Upton','Morrow','Beliceño','1977-07-11'),(189,'Regan','Beard','Asiatico','2017-01-27');
INSERT INTO Persona([Identificacion],[Nombres],[Apellidos],[Nacionalidad],[Fecha_Nacimiento]) VALUES(190,'Kitra','Hines','Colombiano','1991-10-04'),(191,'Bradley','Vega','Nicaraguense','2013-06-17'),(192,'Kirby','Cardenas','Guatemalteco','1965-11-16'),(193,'Noelani','Montoya','Chileno','1988-06-15'),(194,'Cleo','Sherman','Guatemalteco','1995-02-08'),(195,'Duncan','Dean','Brasileño','1981-01-03'),(196,'Lenore','Grimes','Ecuatoriano','1975-03-22'),(197,'Austin','Sweet','Costaricense','1980-03-26'),(198,'Rashad','Gibbs','Nicaraguense','2014-12-18'),(199,'Drew','Cohen','Panameño','2001-06-22');
/* -------- */
INSERT INTO Cliente([id_cliente],[id_persona],[informacion_Relevante]) VALUES(1,1,'Estado de salud bueno'),(2,2,'Estado de salud bueno'),(3,3,'Estado de salud bueno'),(4,4,'Estado de salud bueno'),(5,5,'Cliente nervioso'),(6,6,'Estado de salud bueno'),(7,7,'Estado de salud bueno'),(8,8,'Estado de salud bueno'),(9,9,'Estado de salud bueno'),(10,10,'Cliente con alergias');
INSERT INTO Cliente([id_cliente],[id_persona],[informacion_Relevante]) VALUES(11,11,'cliente incomodo'),(12,12,'Posible-Allahuakbar'),(13,13,'Estado de salud bueno'),(14,14,'Estado de salud bueno'),(15,15,'cliente incomodo'),(16,16,'Estado de salud bueno'),(17,17,'Estado de salud bueno'),(18,18,'Estado de salud bueno'),(19,19,'Posible-Allahuakbar'),(20,20,'Estado de salud bueno');
INSERT INTO Cliente([id_cliente],[id_persona],[informacion_Relevante]) VALUES(21,21,'Cliente enfermo gravemente'),(22,22,'Cliente nervioso'),(23,23,'Cliente con alergias'),(24,24,'Estado de salud bueno'),(25,25,'Estado de salud bueno'),(26,26,'Cliente con alergias'),(27,27,'Cliente enfermo gravemente'),(28,28,'Estado de salud bueno'),(29,29,'Estado de salud bueno'),(30,30,'Cliente nervioso');
INSERT INTO Cliente([id_cliente],[id_persona],[informacion_Relevante]) VALUES(31,31,'Estado de salud bueno'),(32,32,'Estado de salud bueno'),(33,33,'Estado de salud bueno'),(34,34,'Cliente enfermo gravemente'),(35,35,'Posible-Allahuakbar'),(36,36,'Estado de salud bueno'),(37,37,'Estado de salud bueno'),(38,38,'Cliente nervioso'),(39,39,'Estado de salud bueno'),(40,40,'Estado de salud bueno');
INSERT INTO Cliente([id_cliente],[id_persona],[informacion_Relevante]) VALUES(41,41,'Cliente con alergias'),(42,42,'Cliente con Acrofobia'),(43,43,'Cliente con claustrofobia'),(44,44,'Estado de salud bueno'),(45,45,'Estado de salud bueno'),(46,46,'Estado de salud bueno'),(47,47,'Cliente enfermo levemente'),(48,48,'Posible-Allahuakbar'),(49,49,'Estado de salud bueno'),(50,50,'Estado de salud bueno');
INSERT INTO Cliente([id_cliente],[id_persona],[informacion_Relevante]) VALUES(51,51,'Cliente enfermo levemente'),(52,52,'Cliente con alergias'),(53,53,'Estado de salud bueno'),(54,54,'cliente incomodo'),(55,55,'Estado de salud bueno'),(56,56,'Estado de salud bueno'),(57,57,'Cliente enfermo levemente'),(58,58,'Estado de salud bueno'),(59,59,'Estado de salud bueno'),(60,60,'Estado de salud bueno');
INSERT INTO Cliente([id_cliente],[id_persona],[informacion_Relevante]) VALUES(61,61,'Cliente enfermo gravemente'),(62,62,'Cliente con Acrofobia'),(63,63,'Cliente enfermo gravemente'),(64,64,'Cliente enfermo gravemente'),(65,65,'Estado de salud bueno'),(66,66,'Estado de salud bueno'),(67,67,'Posible-Allahuakbar'),(68,68,'Estado de salud bueno'),(69,69,'cliente incomodo'),(70,70,'Cliente con Acrofobia');
INSERT INTO Cliente([id_cliente],[id_persona],[informacion_Relevante]) VALUES(71,71,'Cliente con Acrofobia'),(72,72,'Cliente nervioso'),(73,73,'Posible-Allahuakbar'),(74,74,'Estado de salud bueno'),(75,75,'Estado de salud bueno'),(76,76,'Cliente con alergias'),(77,77,'Estado de salud bueno'),(78,78,'Cliente nervioso'),(79,79,'Cliente enfermo gravemente'),(80,80,'Estado de salud bueno');
INSERT INTO Cliente([id_cliente],[id_persona],[informacion_Relevante]) VALUES(81,81,'Estado de salud bueno'),(82,82,'Estado de salud bueno'),(83,83,'Cliente con alergias'),(84,84,'Estado de salud bueno'),(85,85,'Estado de salud bueno'),(86,86,'Cliente con Acrofobia'),(87,87,'Estado de salud bueno'),(88,88,'cliente incomodo'),(89,89,'Cliente con claustrofobia'),(90,90,'Cliente con Acrofobia');
INSERT INTO Cliente([id_cliente],[id_persona],[informacion_Relevante]) VALUES(91,91,'Estado de salud bueno'),(92,92,'Estado de salud bueno'),(93,93,'Cliente nervioso'),(94,94,'Posible-Allahuakbar'),(95,95,'cliente incomodo'),(96,96,'Cliente enfermo gravemente'),(97,97,'Cliente con alergias'),(98,98,'Estado de salud bueno'),(99,99,'cliente incomodo'),(100,100,'Cliente enfermo levemente');
/* ------- */
INSERT INTO Pais([nombre]) VALUES('Cook Islands'),('Benin'),('Hungary'),('South Georgia and The South Sandwich Islands'),('Reunion'),('Greenland'),('French Southern Territories'),('Guam'),('Ireland'),('Bangladesh');
INSERT INTO Pais([nombre]) VALUES('Mongolia'),('Hungary'),('Peru'),('United Arab Emirates'),('Hungary'),('Lebanon'),('China'),('South Africa'),('Thailand'),('Namibia');
INSERT INTO Pais([nombre]) VALUES('Bermuda'),('Myanmar'),('American Samoa'),('Turkmenistan'),('Hungary'),('Egypt'),('Mauritius'),('Haiti'),('Grenada'),('Reunion');
INSERT INTO Pais([nombre]) VALUES('Qatar'),('Cape Verde'),('Rwanda'),('Italy'),('Curaçao'),('Saint Vincent and The Grenadines'),('Namibia'),('Gambia'),('Congo, the Democratic Republic of the'),('United Arab Emirates');
INSERT INTO Pais([nombre]) VALUES('Taiwan'),('Kazakhstan'),('Paraguay'),('Swaziland'),('Croatia'),('Niue'),('Pitcairn Islands'),('Madagascar'),('Zimbabwe'),('Tanzania');
INSERT INTO Pais([nombre]) VALUES('South Sudan'),('Zimbabwe'),('Western Sahara'),('Reunion'),('Mali'),('Sao Tome and Principe'),('Falkland Islands'),('Bolivia'),('Nigeria'),('Korea, South');
INSERT INTO Pais([nombre]) VALUES('Cook Islands'),('Afghanistan'),('Libya'),('Pakistan'),('Marshall Islands'),('Viet Nam'),('United States Minor Outlying Islands'),('Madagascar'),('Yemen'),('Sint Maarten');
INSERT INTO Pais([nombre]) VALUES('Tanzania'),('Mongolia'),('El Salvador'),('Romania'),('Guatemala'),('Mexico'),('Gambia'),('United Kingdom (Great Britain)'),('Mauritania'),('Turkey');
INSERT INTO Pais([nombre]) VALUES('Mayotte'),('Liberia'),('Rwanda'),('Malta'),('Portugal'),('Belize'),('New Caledonia'),('Philippines'),('Bulgaria'),('Taiwan');
INSERT INTO Pais([nombre]) VALUES('Marshall Islands'),('American Samoa'),('India'),('Portugal'),('Malaysia'),('Zambia'),('Egypt'),('Costa Rica'),('Greece'),('Denmark');
/* -------- */
INSERT INTO Trabajador([codigo_trabajador],[id_persona],[Salario_A],[activo],[fecha_contratacion]) VALUES(1,101,'8 674','1','2016-05-04 03:50:46'),(2,102,'2 239','1','2018-07-10 17:02:25'),(3,103,'7 405','1','2019-04-02 07:46:33'),(4,104,'0 757','1','2014-10-28 12:12:37'),(5,105,'6 223','1','2018-02-03 16:13:51'),(6,106,'0 111','1','2015-03-05 18:10:13'),(7,107,'6 956','1','2018-09-10 06:32:50'),(8,108,'1 040','1','2015-08-04 14:23:56'),(9,109,'0 110','1','2016-12-21 04:20:29'),(10,110,'4 422','1','2016-12-27 17:09:29');
INSERT INTO Trabajador([codigo_trabajador],[id_persona],[Salario_A],[activo],[fecha_contratacion]) VALUES(11,111,'4 881','1','2015-05-27 10:23:21'),(12,112,'7 457','1','2016-08-04 00:06:16'),(13,113,'7 661','1','2018-06-06 04:03:26'),(14,114,'0 378','1','2017-07-09 00:23:45'),(15,115,'6 584','1','2016-12-06 01:55:37'),(16,116,'1 403','1','2019-06-15 08:20:26'),(17,117,'3 621','1','2016-09-24 05:58:51'),(18,118,'6 355','1','2016-03-19 21:20:34'),(19,119,'2 918','1','2017-12-10 23:29:18'),(20,120,'2 502','1','2017-08-11 00:07:15');
INSERT INTO Trabajador([codigo_trabajador],[id_persona],[Salario_A],[activo],[fecha_contratacion]) VALUES(21,121,'4 333','1','2018-12-26 09:44:15'),(22,122,'3 541','1','2015-03-03 03:34:48'),(23,123,'8 004','1','2018-02-13 06:17:10'),(24,124,'1 140','1','2015-06-19 06:26:25'),(25,125,'4 131','1','2016-12-06 12:54:05'),(26,126,'8 837','1','2015-08-31 23:00:00'),(27,127,'6 991','1','2016-12-29 10:52:32'),(28,128,'0 574','1','2018-07-02 23:32:53'),(29,129,'6 707','1','2017-01-06 12:21:45'),(30,130,'7 383','1','2019-04-22 12:46:49');
INSERT INTO Trabajador([codigo_trabajador],[id_persona],[Salario_A],[activo],[fecha_contratacion]) VALUES(31,131,'9 792','1','2015-06-21 09:32:11'),(32,132,'3 367','1','2016-02-10 22:48:35'),(33,133,'0 621','1','2016-02-22 15:06:04'),(34,134,'2 922','1','2019-09-06 09:02:01'),(35,135,'4 022','1','2018-04-25 06:30:50'),(36,136,'0 501','1','2015-01-28 07:25:02'),(37,137,'4 451','1','2017-09-16 19:49:58'),(38,138,'2 736','1','2019-01-28 18:58:40'),(39,139,'5 812','1','2019-08-17 16:12:25'),(40,140,'1 643','1','2016-10-28 17:05:19');
INSERT INTO Trabajador([codigo_trabajador],[id_persona],[Salario_A],[activo],[fecha_contratacion]) VALUES(41,141,'9 608','1','2015-12-26 11:31:12'),(42,142,'1 665','1','2015-02-10 11:37:21'),(43,143,'6 046','1','2017-04-25 11:53:22'),(44,144,'0 908','1','2018-12-24 14:49:25'),(45,145,'2 899','1','2017-07-02 10:44:24'),(46,146,'1 385','1','2019-06-26 05:22:29'),(47,147,'8 852','1','2018-10-07 19:38:16'),(48,148,'3 868','1','2019-05-24 00:04:29'),(49,149,'8 999','1','2016-02-09 07:08:17'),(50,150,'9 753','1','2015-01-12 11:58:30');
INSERT INTO Trabajador([codigo_trabajador],[id_persona],[Salario_A],[activo],[fecha_contratacion]) VALUES(51,151,'1 684','1','2019-01-03 00:49:30'),(52,152,'2 649','1','2015-01-20 08:44:41'),(53,153,'1 507','1','2015-11-09 20:44:26'),(54,154,'9 170','1','2015-03-23 14:51:46'),(55,155,'6 481','1','2015-09-08 04:52:16'),(56,156,'9 738','1','2019-04-18 00:19:38'),(57,157,'1 980','1','2015-01-30 05:45:15'),(58,158,'9 308','1','2018-10-05 21:15:12'),(59,159,'1 422','1','2015-07-04 14:52:18'),(60,160,'0 963','1','2017-08-24 11:01:03');
INSERT INTO Trabajador([codigo_trabajador],[id_persona],[Salario_A],[activo],[fecha_contratacion]) VALUES(61,161,'6 599','1','2017-02-25 02:54:45'),(62,162,'6 149','1','2017-01-10 16:50:30'),(63,163,'0 647','1','2015-06-05 16:47:10'),(64,164,'3 248','1','2018-01-23 00:36:02'),(65,165,'9 711','1','2018-06-19 22:50:54'),(66,166,'8 326','1','2015-09-09 06:17:28'),(67,167,'2 595','1','2017-03-30 23:48:03'),(68,168,'2 793','1','2016-12-17 03:14:37'),(69,169,'8 437','1','2019-08-21 22:25:00'),(70,170,'3 822','1','2019-03-26 00:40:16');
INSERT INTO Trabajador([codigo_trabajador],[id_persona],[Salario_A],[activo],[fecha_contratacion]) VALUES(71,171,'9 821','1','2015-10-12 17:31:59'),(72,172,'2 482','1','2018-07-16 07:59:31'),(73,173,'7 057','1','2015-03-06 09:13:32'),(74,174,'9 543','1','2015-01-28 17:42:16'),(75,175,'8 612','1','2015-03-29 16:59:49'),(76,176,'5 377','1','2015-12-15 22:46:24'),(77,177,'4 139','1','2019-05-01 15:29:39'),(78,178,'5 132','1','2018-09-28 04:14:51'),(79,179,'6 952','1','2017-05-23 06:54:04'),(80,180,'6 784','1','2019-08-21 03:17:54');
INSERT INTO Trabajador([codigo_trabajador],[id_persona],[Salario_A],[activo],[fecha_contratacion]) VALUES(81,181,'2 329','1','2018-05-11 12:31:54'),(82,182,'1 606','1','2015-09-22 15:41:30'),(83,183,'4 291','1','2019-09-21 08:43:44'),(84,184,'1 078','1','2016-06-22 09:19:49'),(85,185,'7 027','1','2017-04-22 09:05:37'),(86,186,'6 255','1','2019-05-18 09:43:59'),(87,187,'6 976','1','2015-01-01 16:45:31'),(88,188,'9 376','1','2018-08-17 02:00:03'),(89,189,'5 234','1','2017-11-06 02:12:01'),(90,190,'3 614','1','2015-06-30 00:56:51');
INSERT INTO Trabajador([codigo_trabajador],[id_persona],[Salario_A],[activo],[fecha_contratacion]) VALUES(91,191,'7 989','1','2019-09-15 10:56:36'),(92,192,'8 952','1','2017-12-05 06:45:23'),(93,193,'8 139','1','2018-01-27 03:38:31'),(94,194,'2 410','1','2019-09-27 13:11:04'),(95,195,'4 851','1','2015-05-03 15:22:53'),(96,196,'1 391','1','2018-02-12 07:34:32'),(97,197,'8 554','1','2015-07-25 04:39:22'),(98,198,'9 375','1','2018-05-08 12:39:42'),(99,199,'1 021','1','2018-07-21 21:54:06'),(100,200,'4 370','1','2018-05-07 13:51:05');
/* -------- */
INSERT INTO Ciudad([id_pais],[nombre]) VALUES(58,'Lestizza'),(54,'Hampstead'),(51,'Hollabrunn'),(49,'Wha Ti'),(44,'Mobile'),(76,'Mosciano Sant''Angelo'),(90,'Göteborg'),(37,'Birecik'),(8,'Kakisa'),(94,'Newark');
INSERT INTO Ciudad([id_pais],[nombre]) VALUES(54,'Aserrí'),(54,'Hualañé'),(66,'Cerro Navia'),(17,'Marano Lagunare'),(26,'Pedace'),(96,'Cochrane'),(37,'Dannevirke'),(50,'Hualpén'),(70,'Vinci'),(81,'Jönköping');
INSERT INTO Ciudad([id_pais],[nombre]) VALUES(18,'Owen Sound'),(44,'Yellowhead County'),(77,'Mühlheim am Main'),(86,'Carstairs'),(97,'StrŽe'),(90,'Bhir'),(13,'Santo Domingo'),(89,'Gurgaon'),(21,'Termeno sulla strada del vino/Tramin an der Weinstrasse'),(5,'Monte Vidon Corrado');
INSERT INTO Ciudad([id_pais],[nombre]) VALUES(54,'Pontey'),(62,'Dion-Valmont'),(23,'Portland'),(69,'Smithers'),(40,'Pizzoferrato'),(66,'Colmar'),(36,'Lelystad'),(68,'Orroli'),(74,'San Pablo'),(76,'Vanier');
INSERT INTO Ciudad([id_pais],[nombre]) VALUES(31,'Lives-sur-Meuse'),(85,'Glendon'),(57,'Vijayawada'),(37,'Sibret'),(27,'Sassocorvaro'),(55,'Angol'),(75,'Midway'),(48,'Dover'),(1,'Bergerac'),(75,'Ostellato');
INSERT INTO Ciudad([id_pais],[nombre]) VALUES(10,'Böblingen'),(64,'Sfruz'),(74,'Fort St. John'),(76,'Montignies-Saint-Christophe'),(99,'Antey-Saint-Andrè'),(49,'Serrungarina'),(70,'Ehein'),(24,'Recogne'),(94,'Sissa'),(80,'Gujranwala');
INSERT INTO Ciudad([id_pais],[nombre]) VALUES(18,'Romford'),(9,'Sambhal'),(74,'Litueche'),(29,'Olen'),(46,'Berceto'),(90,'Santo Stefano del Sole'),(14,'Grimma'),(80,'Murcia'),(78,'Vremde'),(93,'Kirkland');
INSERT INTO Ciudad([id_pais],[nombre]) VALUES(57,'Offenburg'),(27,'Matagami'),(97,'Rio Grande'),(84,'Scala Coeli'),(65,'Brucargo'),(39,'Muridke'),(14,'Lüneburg'),(14,'Bajardo'),(25,'Paglieta'),(54,'Castel Guelfo di Bologna');
INSERT INTO Ciudad([id_pais],[nombre]) VALUES(32,'Cerreto di Spoleto'),(53,'Chandannagar'),(38,'Brechin'),(68,'Rawalpindi'),(20,'Rossignol'),(90,'Curitiba'),(49,'Westmalle'),(19,'Le Puy-en-Velay'),(26,'Columbia'),(78,'Lasne');
INSERT INTO Ciudad([id_pais],[nombre]) VALUES(99,'Langenburg'),(49,'Moliterno'),(87,'Medea'),(10,'Augusta'),(45,'Allappuzha'),(33,'Kraków'),(82,'Buccheri'),(22,'Castelbaldo'),(62,'Qualicum Beach'),(95,'Chelsea');
/* -------- */
INSERT INTO Aeropuertos([id_ciudad],[nombre]) VALUES(21,'Quis Institute'),(5,'Semper Egestas LLP'),(54,'Metus Aliquam Erat Consulting'),(9,'Fusce Inc.'),(77,'Dictum Sapien Institute'),(38,'Nulla Dignissim Maecenas Foundation'),(71,'Malesuada Company'),(94,'Montes Nascetur Ridiculus Industries'),(5,'Tempor Lorem Eget Consulting'),(70,'Lorem Fringilla Ornare Institute');
INSERT INTO Aeropuertos([id_ciudad],[nombre]) VALUES(80,'Faucibus Inc.'),(26,'At Pede Limited'),(82,'Consectetuer Ipsum PC'),(37,'Elementum Lorem Ut Corporation'),(95,'Lorem LLC'),(82,'Id Ante Corp.'),(9,'Eu Eros Nam Ltd'),(18,'Pretium Aliquet Metus Incorporated'),(82,'Vivamus Corp.'),(20,'Augue Foundation');
INSERT INTO Aeropuertos([id_ciudad],[nombre]) VALUES(95,'Nec Euismod In Corporation'),(61,'Praesent Interdum Industries'),(37,'Eu Industries'),(19,'In Industries'),(74,'Erat Incorporated'),(90,'Massa Integer Ltd'),(61,'Posuere Incorporated'),(16,'Et Libero Inc.'),(6,'In Faucibus Corporation'),(77,'Ligula Aenean Corporation');
INSERT INTO Aeropuertos([id_ciudad],[nombre]) VALUES(63,'Odio Vel Est Industries'),(96,'Ultricies Associates'),(16,'Vel Nisl Quisque PC'),(40,'Faucibus Id Company'),(68,'Nunc Pulvinar Arcu Consulting'),(65,'Lorem Eu Metus PC'),(80,'Dolor Sit Amet Corporation'),(32,'Velit Dui Semper Ltd'),(34,'Erat LLP'),(75,'Sit Amet Incorporated');
INSERT INTO Aeropuertos([id_ciudad],[nombre]) VALUES(45,'Amet Industries'),(52,'Ipsum Ac Mi Incorporated'),(98,'Duis Risus Corporation'),(54,'Ut Institute'),(19,'Class Aptent Limited'),(62,'Placerat Institute'),(48,'Dapibus Gravida LLP'),(29,'Eros Industries'),(64,'Dui Lectus Rutrum Inc.'),(85,'Adipiscing Elit Aliquam Institute');
INSERT INTO Aeropuertos([id_ciudad],[nombre]) VALUES(10,'Faucibus Ltd'),(88,'Consequat Purus Maecenas Foundation'),(8,'Dolor Fusce Incorporated'),(83,'Non Company'),(83,'Ut Semper Associates'),(79,'Quis Diam Limited'),(89,'Fusce Company'),(69,'Aenean Massa Integer LLP'),(39,'Vitae Orci Phasellus Industries'),(93,'Ac Mattis Corp.');
INSERT INTO Aeropuertos([id_ciudad],[nombre]) VALUES(72,'Sit Amet Institute'),(4,'Sapien Cras Dolor Foundation'),(63,'Ac Sem Associates'),(68,'Ut Lacus Nulla Industries'),(3,'Cras Corporation'),(90,'Pellentesque Massa Limited'),(12,'Felis Orci Company'),(29,'Parturient Montes Company'),(79,'Molestie Pharetra Incorporated'),(67,'Cursus Non Egestas Incorporated');
INSERT INTO Aeropuertos([id_ciudad],[nombre]) VALUES(85,'Lorem Industries'),(93,'Aliquet Proin Associates'),(40,'Ipsum Limited'),(56,'Justo Nec Ante Inc.'),(94,'Molestie Institute'),(66,'Vivamus LLC'),(12,'Aenean Sed Pede Company'),(57,'Eu Associates'),(29,'Erat Eget Tincidunt Corp.'),(87,'Odio Vel Est Company');
INSERT INTO Aeropuertos([id_ciudad],[nombre]) VALUES(20,'Semper LLC'),(74,'Sit LLC'),(85,'Ipsum Primis In Ltd'),(69,'Nulla Tempor Associates'),(51,'Risus LLC'),(44,'Ligula Inc.'),(68,'Elit Institute'),(2,'Libero Industries'),(88,'Donec Sollicitudin Company'),(27,'Sagittis Nullam Institute');
INSERT INTO Aeropuertos([id_ciudad],[nombre]) VALUES(50,'Imperdiet Non Incorporated'),(62,'Erat Foundation'),(99,'Ornare Consulting'),(13,'Pellentesque Limited'),(76,'Litora Torquent Per Associates'),(69,'Aliquet Limited'),(92,'Amet Diam Eu LLC'),(63,'Sed Nulla LLP'),(11,'Nam Institute'),(88,'Ut Corporation');
/* -------- */

SELECT GETDATE()